Reporting date,"Loans to households, overdrafts, interest rate (%)","Loans to households, loans for house purchases with original maturity, up to 1 year, interest rate (%)","Loans to households, loans for house purchases with original maturity, over 1 and up to 5 years, interest rate (%)","Loans to households, loans for house purchases with original maturity, over 5 years, interest rate (%)","Loans to households, consumer loans and other loans with original maturity, up to 1 year, interest rate (%)","Loans to households, consumer loans and other loans with original maturity, over 1 and up to 5 years, interest rate (%)","Loans to households, consumer loans and other loans with original maturity, over 5 years, interest rate (%)","Loans to non-financial corporations, overdrafts, interest rate (%)","Loans to non-financial corporations, loans for house purchases with original maturity, up to 1 year, interest rate (%)","Loans to non-financial corporations, loans for house purchases with original maturity, over 1 and up to 5 years, interest rate (%)","Loans to non-financial corporations, loans for house purchases with original maturity, over 5 years, interest rate (%)","Loans to households, overdrafts, volumes (€ million)","Loans to households, loans for house purchases with original maturity, up to 1 year, volumes (€ million)","Loans to households, loans for house purchases with original maturity, over 1 and up to 5 years, volumes (€ million)","Loans to households, loans for house purchases with original maturity, over 5 years, volumes (€ million)","Loans to households, consumer loans and other loans with original maturity, up to 1 year, volumes (€ million)","Loans to households, consumer loans and other loans with original maturity, over 1 and up to 5 years, volumes (€ million)","Loans to households, consumer loans and other loans with original maturity, over 5 years, volumes (€ million)","Loans to non-financial corporations, overdrafts, volumes (€ million)","Loans to non-financial corporations, loans for house purchases with original maturity, up to 1 year, volumes (€ million)","Loans to non-financial corporations, loans for house purchases with original maturity, over 1 and up to 5 years, volumes (€ million)","Loans to non-financial corporations, loans for house purchases with original maturity, over 5 years, volumes (€ million)"
31/01/2003,12.49,4.86,5.17,4.39,8.87,8.07,5.69,7.54,5.79,5.48,5.42,1922,929,5287,37612,4679,4102,5791,3751,14381,14618,20813
28/02/2003,12.62,4.9,5.05,4.39,8.94,7.84,5.64,7.32,5.74,5.72,5.3,1962,936,5429,38242,4937,4281,5761,3916,13326,16027,20934
31/03/2003,12.26,4.8,4.94,4.24,9.36,7.59,5.48,7.23,5.79,5.58,5.06,1980,928,5588,39002,4162,4803,5975,4057,12154,15632,23535
30/04/2003,12.65,4.46,4.77,4.22,9.31,7.49,5.12,7.08,5.66,5.47,4.97,1984,738,5706,39183,4026,5151,5970,4037,12279,15923,23488
30/05/2003,12.56,4.71,4.68,4.2,9.59,7.4,5.37,6.99,5.63,5.32,4.86,1981,739,5874,39954,4020,5284,6004,3930,11751,16249,24106
30/06/2003,12.94,4.54,4.39,3.87,9.58,7.4,5.14,6.81,5.42,5.29,4.72,1861,699,5635,40846,3821,5453,5734,4089,12337,16440,24835
31/07/2003,12.64,4.32,4.25,3.75,9.4,7.35,5.04,6.74,5.33,5.11,4.63,1846,728,5833,41840,3883,5510,6010,3943,11882,16847,24890
29/08/2003,12.68,4.22,4.17,3.75,9.62,7.24,5.05,6.6,5.24,4.86,4.5,1859,771,6010,42734,3836,5291,6008,3804,12061,17142,25377
30/09/2003,12.69,4.18,4.08,3.71,9.64,7.2,4.97,6.66,5.26,4.68,4.49,1911,835,6143,43957,3949,5277,5895,3982,12445,17748,25725
31/10/2003,12.85,4.08,4.04,3.67,9.54,7.18,4.92,6.77,5.22,4.71,4.41,1865,876,6278,44921,3887,5375,6322,3488,12322,17346,26448
28/11/2003,12.76,3.99,4,3.65,9.84,7.1,4.81,6.47,5.21,4.63,4.39,1925,913,6629,45849,4018,5378,6201,4014,11060,17969,28422
31/12/2003,12.88,3.9,3.98,3.65,9.97,6.93,4.67,6.55,5.18,4.7,4.35,1970,985,2455,51520,3998,5387,6490,4174,10876,19022,28893
30/01/2004,12.8,4.83,4.19,3.63,9.67,6.82,4.8,6.45,5.18,4.64,4.39,1967,562,1176,54251,4304,5173,6539,4131,13877,16093,29254
27/02/2004,12.67,4.72,4.02,3.58,9.56,7.04,4.55,6.55,5.06,4.58,4.36,2050,555,1336,55020,4304,5471,6479,4086,14138,16205,29462
31/03/2004,12.76,4.62,3.96,3.56,9.58,6.95,4.74,6.8,5.04,4.55,4.38,2022,588,1285,56319,4269,5463,6755,3805,14652,16460,30705
30/04/2004,13.1,4.55,3.98,3.55,9.65,6.64,4.74,6.83,5,4.46,4.31,2001,638,1241,57428,4249,5590,6706,3729,15269,16720,30845
31/05/2004,13.14,4.54,4.03,3.54,9.64,6.61,4.69,6.86,4.95,4.4,4.29,1998,689,1208,58713,4376,5736,6966,3707,15502,17414,31523
30/06/2004,13.05,4.52,3.74,3.51,9.45,6.62,4.69,6.6,4.95,4.4,4.29,2068,737,1165,60063,4566,5937,6825,4149,15715,17697,32186
30/07/2004,13.05,4.53,3.77,3.49,9.34,6.63,4.7,6.68,4.87,4.41,4.25,1968,775,1221,63805,4638,5810,7016,3769,15940,18034,32879
31/08/2004,13.21,4.5,3.77,3.46,9.32,6.64,4.69,6.61,4.84,4.43,4.26,2021,781,1227,65085,4678,5864,7333,4089,16089,18388,32934
30/09/2004,13.28,4.47,3.79,3.46,9.29,6.63,4.67,6.72,4.87,4.36,4.27,2044,638,1213,66898,4778,5870,7419,4194,17500,19549,33735
29/10/2004,13.33,4.46,3.83,3.46,9.16,6.6,4.67,6.42,4.76,4.41,4.23,1998,656,1225,68288,4925,5964,7475,4081,17382,20106,33851
30/11/2004,13.14,4.45,3.78,3.47,9,6.57,4.65,6.48,4.8,4.39,4.22,2096,668,1226,69860,5144,6114,7582,4388,18646,20896,34567
31/12/2004,13.05,4.36,3.75,3.46,8.9,6.52,4.58,5.67,4.69,4.4,4.23,2124,770,1238,71333,4920,6245,7981,5369,19827,21801,35645
31/01/2005,13.41,4.39,3.93,3.46,8.92,6.47,4.54,6.53,4.76,4.39,4.18,2094,773,879,72686,5350,6416,8051,4520,19980,21883,34676
28/02/2005,13.43,4.39,3.94,3.46,8.83,6.48,4.6,6.34,4.76,4.37,4.17,2084,704,920,73806,5438,6471,8174,4571,20762,21294,34957
31/03/2005,13.29,4.41,3.93,3.44,8.71,6.43,4.49,6.41,4.76,4.35,4.14,2079,680,978,75143,5558,6565,8338,4800,21376,22080,35780
29/04/2005,13.05,4.42,3.94,3.44,8.63,6.39,4.44,6.34,4.71,4.33,4.13,2099,691,996,76731,5540,6702,8688,4497,21954,22143,36220
31/05/2005,13.05,4.44,3.93,3.39,7.87,6.37,4.46,6.47,4.71,4.33,4.12,2119,695,1014,78361,6132,6956,8707,4659,21905,22513,36632
30/06/2005,13.1,4.42,3.93,3.39,8.36,6.36,4.44,6.57,4.71,4.3,4.11,2150,734,1053,80382,5885,7073,8668,4539,22170,22829,37479
29/07/2005,12.99,4.46,3.92,3.39,8.24,6.32,4.43,6.11,4.64,4.3,4.13,2129,761,1087,82145,6058,7396,8919,4656,22912,23580,37654
31/08/2005,13.02,4.44,3.92,3.37,8.4,6.25,4.42,6.43,4.67,4.25,4.11,2174,778,1120,84148,6015,7572,9071,4536,23393,24450,38629
30/09/2005,12.97,4.41,3.96,3.37,8.2,6.16,4.39,6.41,4.68,4.26,4.07,2261,785,1083,86192,6186,7885,9175,4671,24246,24197,38979
28/10/2005,13.02,4.36,3.86,3.38,8.14,6.16,4.27,6.2,4.66,4.22,4.05,2189,750,1226,87986,6484,7862,9366,4736,24916,24855,39105
30/11/2005,12.94,4.41,3.78,3.37,8.15,6.26,4.44,6.52,4.79,4.15,3.91,2339,793,1258,88590,6685,7799,9513,5075,25386,26008,40439
30/12/2005,13.07,4.62,3.96,3.49,8.19,6.32,4.61,6.34,4.81,4.21,4.05,2312,842,1508,91837,6550,7522,9019,4699,26839,26983,41566
31/01/2006,13,4.53,3.99,3.52,8.19,6.33,4.6,6.76,4.87,4.28,4.09,2357,875,1557,93299,6635,7590,9323,4796,27122,27279,41868
28/02/2006,13.07,4.58,3.98,3.52,8.34,6.3,4.66,6.75,4.94,4.58,4.34,2323,889,1719,95185,6459,7863,9118,4917,28450,28135,42084
31/03/2006,13.15,4.67,4.11,3.69,8.46,6.62,4.83,6.87,5.1,4.51,4.27,2335,951,1761,97187,6431,7292,8481,5014,29550,29906,44192
28/04/2006,13.13,4.67,4.17,3.71,8.46,6.54,4.87,6.73,5.09,4.49,4.27,2409,950,1794,99061,6691,7432,8605,4940,29743,30334,44913
31/05/2006,13.07,4.73,4.19,3.75,8.34,6.59,4.9,6.88,5.18,4.59,4.3,2511,958,1809,101263,7093,7622,8610,4658,31660,31170,45734
30/06/2006,13.14,4.79,4.37,3.93,8.43,6.67,4.95,7.31,5.26,4.78,4.52,2499,1105,1926,101216,7336,7950,8829,4846,32602,31349,46513
31/07/2006,13.1,4.84,4.38,3.95,8.35,6.63,4.99,7.14,5.33,4.91,4.53,2521,1082,2034,102151,7563,8320,8985,4843,33480,32606,47310
31/08/2006,13.22,5,4.56,4.12,8.44,6.75,5.13,7.46,5.41,4.95,4.69,2470,1083,2024,102741,7426,8424,9047,4778,34336,33600,47589
29/09/2006,13.27,5.07,4.64,4.15,8.48,6.78,5.19,7.43,5.56,5.03,4.74,2507,1170,2196,104495,7788,8462,9031,4961,35334,34257,49063
31/10/2006,13.29,5.17,4.79,4.31,8.59,6.83,5.31,7.68,5.68,5.17,4.82,2462,1190,2352,106363,8026,8600,9176,4686,35999,36011,48638
30/11/2006,13.14,5.22,4.81,4.33,8.75,6.86,5.4,7.72,5.79,5.21,4.91,2538,1407,2129,108724,7986,8488,9076,5101,37347,37670,50016
29/12/2006,13.39,5.33,4.99,4.49,8.88,6.99,5.55,7.78,5.95,5.39,5.05,2656,1470,2170,107026,8315,8700,9247,4952,37491,39095,51056
31/01/2007,13.29,5.22,5.02,4.55,8.73,6.98,5.55,7.76,5.96,5.52,5.23,2692,1546,2337,108229,8545,8595,9273,5165,38746,39157,51748
28/02/2007,13.41,5.18,5.04,4.55,8.86,7.06,5.62,7.83,6.03,5.55,5.29,2723,1592,2389,109590,8388,8578,9230,5280,39788,40127,52515
30/03/2007,13.4,5.45,5.21,4.75,8.82,7.11,5.67,8.09,6.16,5.72,5.4,2676,1621,2128,108718,8693,8864,9593,5130,41244,40937,52064
30/04/2007,13.33,5.46,5.21,4.85,8.95,7.04,5.68,8.13,6.19,5.76,5.41,2784,1587,2200,110057,8556,9160,9624,5108,40183,43931,52031
31/05/2007,13.51,5.56,5.19,4.85,9,7.09,5.72,8.15,6.25,5.8,5.47,2722,1531,2168,111841,8306,9174,9638,5477,41739,45306,53441
29/06/2007,13.54,5.76,5.37,5.04,9.16,7.13,5.85,8.31,6.41,5.93,5.57,2706,1518,2283,112038,8493,9264,9732,5432,43659,46107,54231
31/07/2007,13.52,5.76,5.4,5.06,9.1,7.11,5.89,8.43,6.38,6.01,5.64,2711,1523,2265,113898,8471,9565,9668,5496,43394,46783,54843
31/08/2007,13.5,5.95,5.47,5.06,9.32,7.32,6.03,8.38,6.58,6.13,5.78,2682,1470,2324,115457,8572,9548,9753,5495,42935,48859,55510
28/09/2007,13.46,5.96,5.5,5.16,9.24,7.26,6.2,8.65,6.55,6.24,5.89,2800,1443,2439,116835,8659,9630,9846,5074,43817,50071,57001
31/10/2007,13.46,5.92,5.46,5.16,9.18,7.24,6.04,8.43,6.52,6.28,5.88,2793,1410,2491,118194,8640,9753,9842,4852,43617,51597,57702
30/11/2007,13.58,5.98,5.46,5.15,9.25,7.24,6.15,8.51,6.61,6.29,5.88,2824,1365,2505,119792,8730,9987,10138,5253,43913,52216,57585
31/12/2007,13.51,6.27,5.55,5.09,9.39,7.4,6.33,8.81,6.84,6.47,6.04,2897,1320,2521,119449,8944,10139,10086,4880,45459,52607,59508
31/01/2008,13.63,6.14,5.46,5.12,9.34,7.33,6.15,8.76,6.6,6.32,5.89,2875,1269,2544,120358,8997,10332,10223,5312,46155,53283,59593
29/02/2008,13.64,6.14,5.41,5.12,9.41,7.25,6.16,8.76,6.57,6.24,5.84,2910,1240,2540,121468,8818,10461,10299,5276,47064,52212,60098
31/03/2008,13.43,6.17,5.48,5.02,9.45,7.34,6.16,8.79,6.59,6.29,5.86,3007,1253,2498,121005,9074,10498,10221,5765,48960,53096,62051
30/04/2008,13.47,6.19,5.5,5.05,9.5,7.36,6.24,8.88,6.66,6.32,5.93,3020,1267,2396,122013,9076,10485,10415,5779,49647,52950,62882
30/05/2008,13.45,6.15,5.5,5.07,9.62,7.46,6.22,8.71,6.67,6.4,5.97,3017,1286,2369,123243,9146,10264,10195,5536,49579,54125,63338
30/06/2008,13.59,6.21,5.56,5.08,9.73,7.5,6.25,8.69,6.8,6.43,6.04,3126,1233,2350,117275,8967,10650,10443,5526,50563,54623,64371
31/07/2008,13.49,6.29,5.7,5.25,9.69,7.7,6.37,8.82,6.85,6.54,6.06,3116,1221,2340,118135,9769,10653,10366,5528,51291,54925,64678
29/08/2008,13.67,6.32,5.77,5.29,9.73,7.72,6.43,8.99,6.9,6.62,6.21,3148,1255,2293,118837,9517,10700,10568,5408,51672,55874,64982
30/09/2008,13.96,6.53,5.74,5.31,9.94,7.85,6.51,9.11,7.08,6.74,6.3,3111,1323,2240,119636,9318,10300,10935,5866,52110,54895,64083
31/10/2008,13.8,6.35,5.49,5.14,9.7,7.61,6.34,9,7.02,6.83,6.33,3077,1307,2250,119873,9406,10013,10522,5609,52107,55150,64466
28/11/2008,13.67,5.88,5.1,4.76,9.57,7.3,5.95,8.29,6.65,6.59,6,3060,1261,2262,112490,9165,10205,10557,5909,51967,56459,64280
31/12/2008,13.05,5.07,4.53,4.21,8.58,6.76,5.34,7.66,5.85,5.88,5.35,3093,1327,2452,110820,9622,10024,10336,5758,50174,54662,62708
30/01/2009,13.01,4.48,3.99,3.75,8.54,6.42,4.88,7.18,5.13,5.34,4.82,3066,1348,2427,111239,9030,17216,10242,5816,50277,55005,62943
27/02/2009,12.87,4.11,3.75,3.58,7.93,6.33,4.59,6.76,4.59,4.74,4.44,3031,1365,2386,111451,8776,17125,10105,5901,49925,53899,62405
31/03/2009,12.61,3.58,3.29,3.28,7.59,6.16,4.36,6.52,4.03,4.44,4.09,3019,1343,2305,110217,8275,17014,9859,5880,47020,54597,62449
30/04/2009,12.46,3.26,3,3.06,7.04,5.99,4.14,6.33,3.84,4.01,3.81,3013,1248,2268,110109,7908,16699,9447,5827,46322,55142,62000
29/05/2009,12.42,3.05,2.82,2.92,6.95,5.94,4.09,6.21,3.64,3.87,3.74,3045,1192,2251,110205,7817,16590,9387,5909,47073,54368,61713
30/06/2009,12.36,3.04,2.78,2.82,7.13,5.67,4.07,6.04,3.48,3.62,3.58,3008,1171,2244,110290,7915,16778,9343,5750,47492,53099,60496
31/07/2009,12.4,2.86,2.77,2.84,6.93,5.58,3.97,5.79,3.32,3.5,3.19,2900,1143,2184,110241,7821,16466,9093,5643,47045,52984,59021
31/08/2009,12.51,2.8,2.73,2.83,6.96,5.54,3.84,5.8,3.23,3.36,3.11,2881,1106,2175,106169,7645,16340,9017,5570,47041,53406,58412
30/09/2009,12.64,2.8,2.7,2.73,6.95,5.86,3.79,5.75,3.1,3.3,3,2788,1102,2146,106346,7489,14879,9042,5635,49232,51733,57869
30/10/2009,12.71,2.77,2.74,2.67,6.93,5.68,3.75,5.75,3.01,3.26,2.96,2758,1091,2113,106364,7413,14743,8825,5371,50372,51328,55131
30/11/2009,12.65,2.76,2.72,2.66,6.87,5.67,3.75,5.69,3.05,3.23,2.95,2743,1052,2128,106399,7559,14488,8581,5497,49806,51200,55122
31/12/2009,12.59,2.75,2.67,2.68,6.92,5.67,3.74,5.75,3.04,3.23,2.98,2739,1019,2109,106525,7315,14346,8582,5376,47787,46896,54409
29/01/2010,12.6,2.81,2.67,2.66,6.8,5.65,3.72,5.74,3.02,3.17,2.96,2728,998,2070,106414,7548,13624,8841,5302,47647,46377,52137
26/02/2010,12.84,2.75,2.69,2.7,6.88,5.79,3.74,5.77,3,3.15,2.95,2686,1025,2049,106359,7430,13456,8640,5271,47375,46066,50583
31/03/2010,12.66,2.84,2.73,2.72,6.92,5.87,3.8,5.89,3.08,3.23,2.92,2704,961,1767,106258,6870,12969,8457,5299,42247,44987,54588
30/04/2010,12.93,2.86,2.72,2.85,6.96,5.88,4.03,5.97,3.03,3.19,2.9,2653,1011,1726,105219,6836,12787,8432,5207,40905,41802,53973
31/05/2010,12.9,2.84,2.75,2.88,7.07,5.89,4.01,5.81,2.98,3.2,2.88,2612,943,1703,105056,6720,12601,8472,5114,38451,40061,52255
30/06/2010,9.96,2.99,2.78,2.76,7.13,5.02,3.7,5.27,3.13,3.06,2.85,4766,881,1647,104620,7730,14512,10569,11838,32306,37433,51104
30/07/2010,10.33,3.01,2.79,2.77,7.47,5.14,3.86,5.64,3.21,3.03,2.9,4732,853,1594,104427,7281,14271,10638,11486,30249,36165,49760
31/08/2010,10,3.09,2.88,2.85,7.37,5.1,3.92,5.59,3.22,3.13,2.94,4723,846,1553,104495,7276,14141,10624,11515,28595,34967,48968
30/09/2010,10.23,3.1,2.89,2.85,7.67,5.1,3.95,5.46,3.25,3.19,2.96,4672,807,1521,104995,6784,14344,10565,11402,27889,34793,48456
29/10/2010,10.38,3.2,2.92,2.85,7.72,5.18,3.99,5.65,3.34,3.28,3.08,4500,772,1462,104808,6751,13920,10412,11100,26953,32576,44655
30/11/2010,10.36,3.27,2.94,2.85,7.79,4.85,3.86,5.05,3.32,3.3,3.13,4503,772,1432,104432,6860,13570,10465,11337,23129,28259,43342
31/12/2010,10.66,3.28,3.11,2.9,7.96,4.81,3.9,5.38,3.47,3.31,3.2,4561,776,998,97403,7379,13690,9341,10679,22853,27407,43156
31/01/2011,10.61,3.3,3.11,2.9,8.1,5.19,4.04,5.21,3.52,3.33,3.2,4467,771,980,97139,7217,13343,9451,10610,22571,27882,42768
28/02/2011,10.69,3.26,2.98,2.98,7.99,5.2,3.84,5.35,3.6,3.36,3.27,4487,686,923,97067,7299,14086,10459,10602,23563,26740,41337
31/03/2011,10.66,3.32,3.06,3.01,8.05,5.18,3.87,4.96,3.64,3.34,3.29,4411,683,920,96866,7036,14072,10537,10425,23061,26642,40957
29/04/2011,10.86,3.47,3.22,3.14,8.28,5.31,3.99,5.09,3.73,3.54,3.44,4377,623,907,96723,6965,13717,10621,10122,22990,26170,40885
31/05/2011,10.75,3.54,3.27,3.18,8.24,5.33,4.04,5.18,3.77,3.55,3.47,4360,586,894,96506,6864,13649,10560,10022,23128,26053,40619
30/06/2011,10.92,3.5,3.35,3.19,8.33,5.43,4.05,5.38,3.85,3.6,3.57,4306,632,829,96475,6817,13617,10551,10021,23815,25757,40609
29/07/2011,10.94,3.76,3.49,3.33,8.43,5.59,4.2,5.41,3.99,3.85,3.68,4319,533,807,96266,6731,13380,10507,9768,23695,25519,40618
31/08/2011,10.95,3.7,3.52,3.41,8.28,5.67,4.22,5.39,3.98,3.78,3.66,4211,549,769,96047,6957,13035,10443,9746,23348,25335,40820
30/09/2011,10.84,3.75,3.4,3.42,8.37,5.73,4.23,5.31,3.96,3.81,3.65,4274,550,988,96015,6748,13105,10421,9886,23455,25379,40809
28/10/2011,10.29,3.73,3.59,3.4,8.39,5.75,4.24,5.37,3.95,3.82,3.66,4538,535,686,79163,6663,12801,10719,9811,23209,24545,40811
30/11/2011,10.14,3.68,3.52,3.23,8.36,5.83,4.2,5.27,3.92,3.81,3.66,4404,527,666,79110,6502,12829,10671,10205,23657,24431,40826
30/12/2011,10.1,3.6,3.31,3.06,8.41,5.79,4.14,5.22,3.85,3.82,3.6,4540,470,608,78888,6555,12683,10582,9907,23435,24506,40801
31/01/2012,9.99,3.74,3.47,2.98,7.95,5.68,4.06,5.12,3.67,3.65,3.51,4522,474,586,78701,6574,12240,10574,9686,23122,24297,40660
29/02/2012,10.12,3.69,3.36,2.98,7.98,5.64,3.96,5.04,3.56,3.53,3.42,4436,460,584,78488,6525,12169,10558,9773,22953,24530,40681
30/03/2012,10.05,3.47,3.3,2.98,7.85,5.49,3.86,5.64,3.63,3.39,3.3,4333,455,573,78421,6439,11971,10655,9506,23318,24303,40428
30/04/2012,10.13,3.38,3.36,3,7.91,5.2,3.91,4.99,3.75,3.25,3.26,3725,455,583,79564,5806,11633,10701,9432,23426,23627,40572
31/05/2012,10.11,3.35,3.32,2.98,7.86,5.17,3.91,4.75,3.77,3.16,3.23,3698,447,582,79400,5843,11502,10771,9359,23677,23255,40489
29/06/2012,10.17,3.28,3.3,2.98,8.01,5.1,3.88,5.07,3.76,3.15,3.19,3706,444,578,78562,5628,11536,10775,9291,23382,22913,40859
31/07/2012,10.13,3.22,3.22,2.86,8,4.86,3.79,4.87,3.75,3.04,3.09,3717,437,556,77733,5603,11098,10844,9462,23302,22554,41156
31/08/2012,10.06,3.21,3.26,2.84,8.11,4.86,3.77,4.57,3.58,2.94,3.07,3706,399,553,78066,5410,10865,10889,9304,23231,22279,41300
28/09/2012,9.73,3.42,3.16,2.9,8.32,4.8,3.75,4.78,3.56,2.82,3.02,3896,266,537,78064,5198,10698,11357,9308,23580,21846,41638
31/10/2012,9.67,3.24,3.15,2.92,8.03,4.67,3.7,4.75,3.19,2.79,2.96,3857,285,517,77524,5202,10396,11338,9150,23725,21559,41243
30/11/2012,9.54,3.25,3.16,2.99,8.05,4.66,3.78,5.4,3.16,2.73,2.97,3887,276,521,77480,5132,10165,11155,9371,23823,21326,41103
31/12/2012,9.75,3.21,3.18,2.97,8.15,4.62,3.8,4.79,3.19,2.72,2.97,3882,278,513,83744,5186,9710,11177,9279,24269,20911,41044
31/01/2013,9.81,3.24,3.24,2.98,8.14,4.62,3.84,4.73,3.16,2.75,2.96,3807,276,485,83411,5053,9338,11232,9324,24331,20081,41340
28/02/2013,9.79,3.24,3.27,3,8.18,4.67,3.88,5.57,3.19,2.72,2.96,3777,269,485,83134,5079,9167,11290,10315,23993,20187,42003
28/03/2013,9.75,3.28,3.27,3,8.24,4.72,3.92,4.81,3.24,2.74,2.98,3756,266,477,83161,5198,9096,11450,10321,24029,20268,41346
30/04/2013,7.82,3.29,3.3,3,6.81,5.21,3.62,4.87,3.33,2.76,2.98,5209,271,476,82857,7028,8604,9837,7567,26529,18872,39163
31/05/2013,7.84,3.37,3.29,2.88,6.89,5.17,3.59,4.88,3.33,2.8,2.95,5200,248,453,82447,6889,8609,9771,7502,26971,18417,38864
28/06/2013,7.92,3.39,3.33,2.92,6.84,5.31,3.69,4.87,3.34,2.8,2.97,5246,242,465,82509,7093,8509,9726,7586,27281,18347,38832
31/07/2013,7.88,3.44,3.34,2.93,6.85,5.29,3.7,4.83,3.35,2.81,2.97,5259,239,466,82304,7095,8327,9640,7416,26789,18331,39034
30/08/2013,7.85,3.45,3.34,2.93,6.89,5.28,3.69,4.78,3.3,2.76,2.96,5228,235,459,82106,6924,8384,9582,7352,26107,18546,38962
30/09/2013,7.96,3.49,3.36,2.94,6.86,5.31,3.69,4.73,3.26,2.73,2.96,5276,232,454,83825,7158,8292,9544,7449,26621,18584,38763
31/10/2013,7.82,3.46,3.35,2.94,6.76,5.3,3.68,4.67,3.26,2.76,2.95,5293,239,442,83609,7173,8182,9457,7158,26353,18669,38240
29/11/2013,7.94,3.44,3.33,2.81,6.88,5.31,3.63,4.67,3.27,2.8,2.94,5216,227,423,82409,7214,8005,9446,7190,26422,18466,37811
31/12/2013,8,3.47,3.33,2.8,6.96,5.35,3.63,4.7,3.3,2.81,2.97,5323,229,418,82322,7353,7918,8964,7089,27179,17977,37274
31/01/2014,7.97,3.53,3.33,2.79,7.03,5.3,3.63,4.68,3.23,2.88,2.97,5200,218,410,82025,7015,7894,8901,7192,26157,17902,37391
28/02/2014,7.92,3.54,3.33,2.79,7.1,5.38,3.64,4.7,3.25,2.88,2.97,5178,214,407,81815,6926,7835,8838,7220,25736,17749,37108
31/03/2014,7.83,3.54,3.33,2.82,6.95,5.47,3.67,4.7,3.39,2.94,2.98,5129,206,414,82337,7013,7642,8428,7105,26096,16964,36883
30/04/2014,7.85,3.54,3.32,2.82,6.99,5.39,3.69,4.7,3.37,2.96,2.98,5105,200,411,82128,6891,7711,8329,6877,25241,16902,36610
30/05/2014,7.8,3.6,3.54,2.82,7.01,5.72,3.71,4.67,3.39,3.06,3.02,5045,186,344,81943,6777,7321,8156,6974,24362,15782,35468
30/06/2014,7.88,3.5,2.91,2.74,7.1,6.15,3.83,4.58,3.37,3.06,3.03,4983,168,224,80145,6497,6731,6792,6724,23404,15199,34828
31/07/2014,7.88,3.43,2.79,2.73,7.2,6.73,3.79,4.56,3.41,3.29,2.99,4946,156,188,79353,6432,6297,6652,6580,22228,12139,33874
29/08/2014,7.9,3.37,2.83,2.72,7.17,6.83,3.78,4.62,3.42,3.32,2.96,4901,155,187,80393,6398,6261,6643,6529,21556,12166,33804
30/09/2014,7.88,3.74,2.73,2.74,7.29,7.05,3.63,4.61,3.52,3.32,2.94,4970,137,189,80184,6351,6210,6775,6255,20954,11757,33457
31/10/2014,7.73,3.36,2.7,2.75,7.35,6.99,3.6,4.43,3.49,3.28,2.92,4885,147,184,80008,6153,6218,6659,6266,20800,11741,33270
28/11/2014,8.03,3.47,2.81,2.76,7.49,6.96,3.64,4.75,3.61,3.29,2.94,4755,140,180,77857,6054,6225,6548,6216,21082,11781,33192
31/12/2014,8.17,3.63,2.89,2.76,7.1,7.07,3.61,3.84,3.48,3.55,2.92,4814,353,186,77441,5960,6243,6456,6216,21060,11752,31801
30/01/2015,7.94,3.53,3.06,2.73,7.04,6.91,3.6,3.85,3.33,3.25,2.92,4769,350,202,77393,5780,6282,6390,6063,20180,11963,31638
27/02/2015,8.9,3.67,3.09,2.72,7.03,7.18,3.88,3.91,3.32,3.27,2.92,4019,343,203,77164,5732,6228,4877,5676,20099,11853,29548
31/03/2015,8.93,3.68,3.12,2.72,6.94,7.41,3.91,4,3.35,3.29,2.92,3944,322,187,76741,5781,6176,4706,5740,19684,11674,28225
30/04/2015,8.9,3.3,3.11,2.71,7.33,7.38,3.89,4.11,3.42,3.23,2.94,3876,302,183,76622,5751,6191,4680,5367,19214,11974,27538
29/05/2015,8.93,3.3,3.1,2.73,7.27,7.38,3.84,4.16,3.31,3.21,2.94,3876,285,178,76693,5616,6234,4694,5487,18395,12297,27303
30/06/2015,9.12,3.26,3.07,2.68,7.96,7.61,3.69,4.29,3.36,3.3,2.94,3806,279,180,76536,5055,6132,5176,5173,17358,12098,27016
31/07/2015,9.43,3.26,3.14,2.67,8.1,7.52,3.69,4.27,3.35,3.26,2.92,3756,272,178,76345,4914,6259,5140,5071,17039,12486,26522
31/08/2015,9.52,3.14,3.14,2.67,8.56,7.44,3.69,4.26,3.34,3.27,2.92,3738,240,177,76193,4734,6314,5234,4968,16513,12642,26568
30/09/2015,10.08,3.24,3.15,2.67,8.73,7.73,3.79,4.28,3.37,3.26,2.93,3523,201,176,75927,4598,6230,4805,4885,16505,12734,25680
30/10/2015,9.98,3.2,3.12,2.63,8.67,7.72,3.8,4.13,3.27,3.28,2.93,3415,193,177,76726,4483,6299,4752,4714,16252,12930,25357
30/11/2015,9.84,3.16,3.1,2.63,8.26,7.72,3.79,4.07,3.32,3.28,2.93,3436,187,175,76429,4683,6287,4660,4819,16147,13169,25137
31/12/2015,11.41,3.29,3.17,2.63,9.56,7.7,3.75,4.72,3.63,3.31,2.82,3064,163,166,76439,4160,6282,4734,3262,14041,13113,24258
29/01/2016,10.88,3.27,3.14,2.64,9.28,7.67,3.86,4.63,3.53,3.35,2.89,2916,160,153,76275,3981,6254,4786,3214,13449,13188,22072
29/02/2016,11.39,3.27,3.11,2.63,9.56,7.67,3.86,4.81,3.56,3.32,2.9,2874,151,150,75904,3931,6316,4801,3296,13609,13238,21922
31/03/2016,11.61,3.22,3.04,2.61,9.44,7.67,3.9,5.02,3.59,3.25,2.88,2794,139,158,73900,3904,6390,4801,3225,13408,12914,21986
29/04/2016,12.42,3.2,3,2.6,9.62,7.63,3.92,4.99,3.54,3.23,2.89,2726,134,155,73240,3849,6997,4822,3264,13090,13318,22073
31/05/2016,11.58,3.16,3.09,2.6,9.36,7.62,3.93,5.03,3.48,3.22,2.91,2731,133,150,73122,3838,7031,4751,3059,13063,13400,22098
30/06/2016,11.57,3.29,3.35,2.61,9.35,7.6,3.97,5.06,3.44,3.22,2.97,2707,134,151,73341,3810,7062,4709,3054,13173,13371,21716
29/07/2016,11.81,3.34,3.35,2.58,9.48,7.55,3.98,5.21,3.43,3.2,2.97,2674,133,151,73252,3792,7170,4679,3009,13079,13525,21706
31/08/2016,11.96,3.22,3.27,2.62,9.58,7.57,3.97,5.17,3.37,3.21,2.96,2688,131,139,73131,3829,7176,4664,2929,12612,13366,21602
30/09/2016,12.16,3.34,3.66,2.6,9.76,7.53,3.97,4.73,3.4,3.18,3.01,2732,138,163,74462,3787,7218,4624,3005,12273,13452,21382
28/10/2016,11.63,3.02,3.85,2.63,9.39,7.5,3.95,5.12,3.38,3.19,2.98,2643,125,151,73713,3714,7364,4592,2748,11936,13487,21287
30/11/2016,11.98,3.28,3.97,2.62,9.79,7.6,3.78,4.8,3.48,3.18,2.98,2712,109,148,73874,3684,7370,4569,2909,12130,13638,20967
30/12/2016,13.22,3.21,3.67,2.56,9.96,7.64,3.82,4.93,3.55,3.2,3.01,2605,99,150,73045,3665,7267,4109,2714,12185,13248,19701
31/01/2017,13.31,2.03,3.79,2.56,14.08,7.73,3.84,4.9,4.15,3.2,3.01,2121,94,131,72923,3668,7317,4064,2865,11733,13076,19683
28/02/2017,13.62,2.03,3.63,2.56,13.92,7.7,3.86,4.84,4.11,3.21,2.91,2061,94,122,72795,3670,7373,4035,2774,11522,12956,20631
31/03/2017,13.6,1.92,3.63,2.56,14.16,7.6,3.85,4.92,4.2,3.17,2.89,1997,94,143,73424,3556,7463,4080,2874,12407,13281,20716
28/04/2017,13.73,1.95,3.85,2.58,14.25,7.53,3.82,4.98,4.18,3.16,2.89,2042,87,150,73721,3571,7573,4130,2939,12107,13614,20793
31/05/2017,13.67,2.04,3.87,2.59,14.24,7.5,3.82,4.98,4.08,3.16,2.9,2054,82,148,74237,3612,7622,4139,2901,11838,13686,20802
30/06/2017,13.63,2.02,3.62,2.54,14.27,7.52,3.78,5.02,4.01,3.17,3.02,2023,75,140,76032,3572,7690,4195,2926,12304,13736,19745
31/07/2017,13.25,1.99,3.59,2.57,14.22,7.51,3.79,4.99,4.01,3.18,3.01,1826,74,139,76023,3609,7796,4159,2707,11816,13609,19812
31/08/2017,13.27,1.99,3.55,2.59,14.25,7.53,3.78,5.1,4.03,3.17,3.02,1826,71,140,76111,3594,7843,4139,2702,11427,13663,19916
29/09/2017,13.29,2.07,3.55,2.6,14.26,7.56,3.78,5.09,4.03,3.16,3.02,1806,59,140,76817,3607,7866,4156,2606,11389,13574,20018
31/10/2017,13.32,1.96,3.43,2.55,14.24,7.59,3.78,4.6,4.05,3.13,3.03,1809,62,139,76279,3568,7948,4118,2708,11501,13888,20032
30/11/2017,13.32,2.07,3.42,2.52,14.18,7.62,3.82,4.45,4.03,3.14,3.03,1841,55,130,76080,3603,7952,4030,2983,11993,14012,18945
29/12/2017,13.66,2.01,3.21,2.55,13.96,7.57,3.82,4.64,4.12,3.13,3.04,1717,58,121,74486,3216,8225,4110,3278,12263,14768,18492
31/01/2018,13.58,1.79,3.39,2.55,13.97,7.52,3.8,4.62,4.25,3.13,3.05,1757,81,130,74397,3187,8231,4052,3207,11617,14869,18757
28/02/2018,13.64,1.8,3.17,2.54,13.92,7.52,3.75,4.63,4.33,3.17,3.01,1739,81,146,74402,3222,8258,4007,3256,11228,15145,18531
29/03/2018,13.75,2.23,3.19,2.55,13.93,7.62,3.77,4.55,4.24,3.16,3.01,1637,78,145,74760,3151,8248,4010,3441,11754,15141,18537
30/04/2018,13.83,2.22,3.22,2.53,14.01,7.64,3.77,4.43,4.11,3.13,3.04,1663,77,147,73564,3213,8342,3975,3383,11807,15212,18749
31/05/2018,13.81,2.25,3.22,2.53,13.96,7.62,3.78,4.38,3.92,3.14,3.05,1647,72,146,73472,3200,8329,3903,3227,10437,14885,19058
29/06/2018,13.77,2.19,3.3,2.52,13.51,7.7,3.84,4.34,4.07,3.17,3.06,1635,68,132,75253,3219,8390,3818,3727,10954,15274,19201
31/07/2018,13.82,2.29,3.25,2.52,13.57,7.68,3.83,4.3,4.05,3.15,3.04,1668,69,131,75408,3287,8530,3746,3658,10681,15634,18591
31/08/2018,13.86,2.1,3.42,2.52,13.82,7.61,3.84,4.21,3.91,3.12,3.07,1658,69,124,75567,3243,8589,3711,3502,10207,16208,18503
28/09/2018,13.81,2.39,3.41,2.51,13.84,7.64,3.83,4.21,3.88,3.1,3.09,1655,68,128,76463,3218,8526,3816,3694,10614,16125,18933
31/10/2018,13.88,3.63,3.33,2.52,13.85,7.62,3.78,4.27,3.8,3.07,3.1,1668,68,126,77176,3190,8677,3825,3840,10425,16309,18822
30/11/2018,13.83,3.62,3.47,2.51,13.85,7.59,3.87,4.41,4.02,3.03,3.12,1633,59,120,75865,3208,8694,3690,3983,11368,16478,18222
31/12/2018,13.98,3.45,3.35,2.49,14.02,7.54,3.81,4.42,4.05,3.03,3.12,1673,57,124,75958,3244,8730,3764,4014,12090,17915,21117
31/01/2019,13.96,3.35,3.39,2.49,14.01,7.49,3.82,4.5,4.1,3.01,3.09,1660,55,122,75877,3184,8859,3733,3665,11569,17584,21486
28/02/2019,13.99,2.9,3.59,2.49,13.95,7.48,3.82,4.53,4.18,3.03,3.09,1643,53,115,74410,3184,8906,3707,3556,11292,19422,20387
29/03/2019,14.1,3.11,3.61,2.5,13.97,7.38,3.83,4.55,4.19,3.03,3.1,1583,38,115,74442,3036,9033,3637,3601,11028,19288,20071
30/04/2019,14.21,3.2,3.61,2.5,14.11,7.33,3.84,4.47,4.07,3.02,3.09,1601,38,110,74063,3102,9146,3620,3628,10627,19476,19994
31/05/2019,14.1,3.89,3.54,2.5,13.93,7.32,3.84,4.52,4.05,2.95,3.09,1581,38,107,74165,3077,9183,3630,3862,11172,20149,20210
28/06/2019,14.07,3.85,2.69,2.5,13.78,7.34,3.86,4.49,3.96,2.94,3.08,1579,38,91,74353,3089,9195,3588,3788,12570,19999,19654
31/07/2019,14.04,3.28,2.74,2.51,13.53,7.33,3.87,4.57,3.44,2.94,3.08,1590,33,91,74447,3136,9366,3575,3789,12691,19980,20126
30/08/2019,14.05,3.3,3.15,2.51,13.55,7.35,3.85,4.64,3.52,2.95,3.07,1588,33,97,75539,3138,9344,3599,3621,12159,19760,20054
30/09/2019,14.07,3.14,3.11,2.52,13.61,7.34,3.85,4.55,3.46,2.94,3.04,1614,32,94,75936,3163,9380,3721,3788,11629,19608,19648
31/10/2019,14.14,3.1,3.24,2.52,13.55,7.37,3.87,4.5,3.47,2.91,3.04,1586,31,88,75898,3083,9453,3634,3630,11481,19853,19184
29/11/2019,14.12,3.35,3.23,2.52,13.55,7.37,3.86,4.47,3.63,2.92,3.05,1569,32,82,76295,3098,9417,3620,3604,11799,19913,19185
31/12/2019,14.05,4.38,3.14,2.53,13.52,7.42,3.86,4.53,3.75,2.88,3.06,1621,31,82,76403,3179,9355,3564,3427,11498,19478,19027
31/01/2020,14.12,2.96,3.08,2.52,13.59,7.41,3.87,4.55,3.86,2.89,3.06,1565,28,83,76330,3034,9415,3554,3357,10693,19222,18827
28/02/2020,14.07,2.95,3.07,2.52,13.5,7.43,3.89,4.68,3.91,2.91,3.07,1542,28,78,75577,2993,9463,3497,3364,10685,19417,18987
31/03/2020,14.04,2.97,3.01,2.5,13.29,7.44,3.9,4.6,3.85,2.77,3.04,1318,27,76,73268,1928,8893,3469,3650,11572,22176,19382
30/04/2020,13.97,2.9,2.96,2.5,13.12,7.39,3.91,4.41,3.52,2.75,3.07,1226,27,76,73191,1758,8802,3442,4236,11755,22436,20117
29/05/2020,13.93,2.94,2.98,2.5,13.12,7.34,3.9,4.31,3.44,2.72,3.07,1189,27,75,73096,1580,8768,3472,4442,11148,23588,20199
30/06/2020,14.01,3.19,2.99,2.5,13.16,7.36,3.89,4.32,3.52,2.75,3.08,1199,27,74,73309,1639,8755,3480,4247,11486,22760,20105
31/07/2020,14.03,3.2,2.98,2.48,13.37,7.39,3.88,4.36,3.49,2.76,3.04,1160,27,73,74145,1667,8591,3490,3784,10915,22080,19869
31/08/2020,13.95,3.17,2.99,2.48,13.29,7.44,3.87,4.3,3.48,2.77,3,1199,28,72,74071,1700,8571,3517,3801,10604,22169,20042
30/09/2020,13.94,3.12,2.99,2.47,13.29,7.45,3.86,3.95,3.29,2.83,3,1208,28,71,74325,1721,8593,3509,3662,10289,21146,19775
30/10/2020,13.37,3.03,2.79,2.47,13.28,7.45,3.85,3.89,3.27,2.8,3.01,1035,28,67,74433,1656,8699,3487,3306,9871,20730,19444
30/11/2020,13.37,2.95,2.84,2.49,13.29,7.47,3.83,3.95,3.3,2.83,2.99,1049,28,66,73251,1685,8649,3465,2904,10155,19885,19498
31/12/2020,12.16,2.93,2.77,2.5,12.17,7.17,3.83,2.8,3.18,2.73,2.94,1251,27,64,73699,2183,8767,4656,2638,9764,19068,17982
29/01/2021,10.96,3,2.7,2.5,10.62,6.79,3.66,2.69,3.06,2.69,2.91,1443,27,63,73508,2417,9291,6735,2171,8859,18969,15818
26/02/2021,10.64,3.71,2.69,2.49,10.41,6.78,3.67,2.73,3.13,2.68,2.9,1439,25,61,71838,2366,9309,6660,2291,8860,18412,15955
31/03/2021,10.98,3.1,2.74,2.46,10.54,6.78,3.67,2.66,2.55,2.69,2.89,1408,23,70,74007,2328,9295,6660,2207,9244,18204,16079
30/04/2021,10.82,3.2,2.74,2.46,10.63,6.72,3.67,2.65,2.44,2.69,2.82,1371,22,72,73768,2326,9259,6534,2201,9738,17628,16424
31/05/2021,10.85,3.2,2.67,2.46,10.69,6.76,3.67,2.55,2.35,2.7,2.79,1389,22,72,73677,2344,9162,6511,2311,9924,17257,16469
30/06/2021,11,2.89,2.67,2.46,10.79,6.71,3.68,2.5,2.59,2.73,2.81,1436,21,68,73595,2388,9216,6463,2406,10216,17284,16741
30/07/2021,11.05,2.9,2.62,2.44,10.83,6.69,3.67,2.49,2.38,2.73,2.83,1376,20,66,68749,2365,9311,6397,2416,10285,16996,17023
31/08/2021,10.89,2.65,2.67,2.44,10.85,6.69,3.67,2.63,2.32,2.71,2.86,1457,19,66,68780,2445,9298,6352,3828,9470,16973,16507
30/09/2021,11.11,2.68,2.68,2.44,11.04,6.7,3.67,2.6,2.25,2.69,2.87,1426,18,66,69097,2420,9303,6326,3902,10828,16905,16675
29/10/2021,11.09,2.85,2.68,2.44,11.01,6.72,3.67,2.57,2.1,2.7,2.89,1415,17,62,69225,2448,9347,6263,4062,10650,17425,16936
30/11/2021,11.22,3,2.66,2.45,11,6.71,3.67,2.53,2.07,2.68,2.88,1467,16,62,69779,2565,9341,6216,4220,11000,17021,16831
31/12/2021,11.01,3,2.67,2.44,10.93,6.59,3.67,2.28,2.76,2.63,2.87,1489,15,60,70161,2549,9249,6181,4376,9766,17336,17161
31/01/2022,11.84,3.39,2.73,2.47,10.85,6.61,3.67,3.37,2.89,2.59,2.85,1499,16,60,86059,2483,9271,6152,4516,10463,18147,17224
28/02/2022,11.48,1.91,2.76,2.46,10.71,6.76,3.68,3.93,2.86,2.67,2.89,1541,16,58,84838,2536,9267,6048,4261,10324,17294,17877
31/03/2022,11.63,1.99,2.73,2.46,10.92,6.77,3.68,3.6,2.91,2.61,2.83,1501,16,58,84452,2434,9300,6034,4638,11826,17987,18110
29/04/2022,11.77,1.99,2.8,2.47,11.02,6.75,3.69,3.67,2.91,2.64,2.82,1467,16,58,84154,2467,9342,5999,4924,11378,18574,18169
31/05/2022,11.77,1.98,2.76,2.47,11.06,6.73,3.7,3.65,2.72,2.66,2.84,1517,16,57,84011,2494,9385,5966,5472,11862,18524,18101
30/06/2022,11.67,2.75,2.78,2.46,11.02,6.73,3.71,3.5,2.77,2.69,2.89,1525,7,55,83714,2372,9359,5806,6060,13248,18665,18374
29/07/2022,11.65,2.78,2.77,2.46,11.05,6.7,3.74,3.39,2.77,2.68,2.93,1489,7,54,83431,2304,9509,5812,6326,13064,19310,18225
31/08/2022,11.82,2.78,2.84,2.55,11.24,6.7,3.86,2.79,2.55,2.67,2.99,1517,7,54,83240,2341,9540,5641,7951,13327,20009,18685
30/09/2022,11.69,3.21,2.97,2.71,11.29,6.78,4.08,3.61,2.99,3.2,3.45,1507,7,53,83331,2345,9562,5703,6652,14168,19856,18373
28/10/2022,11.92,3.29,3.02,2.77,11.52,6.79,4.26,3.81,3.34,3.49,3.67,1475,7,53,83320,2283,9716,5638,6802,14171,20198,18096
30/11/2022,11.52,2.93,3.03,2.89,11.27,6.83,4.52,3.91,3.59,3.73,3.87,1592,6,49,83064,2449,9654,5445,6879,13880,20397,17772
30/12/2022,11.91,3.06,3.06,2.96,11.65,6.95,4.65,4.27,3.86,4.23,4.36,1513,6,49,83377,2389,9626,5395,6151,13789,19733,17461
31/01/2023,11.67,3.18,3.14,3.06,11.49,6.93,4.75,4.51,4.14,4.41,4.49,1574,6,49,83240,2391,9723,5343,6750,13214,20035,17738
28/02/2023,11.48,3.53,3.13,3.12,11.37,6.94,4.71,4.66,4.31,4.48,4.55,1565,6,50,82747,2342,9768,5369,6732,12629,20587,17659
31/03/2023,11.79,3.86,3.25,3.24,11.61,6.94,4.85,4.57,4.49,4.81,4.86,1459,6,49,82824,2288,9879,5369,6790,12973,20378,17742
28/04/2023,11.87,3.99,3.35,3.3,11.73,6.96,4.94,5.14,4.61,5,4.96,1425,6,48,82867,2294,10021,5355,6729,12085,20932,17650
31/05/2023,11.72,3.8,3.41,3.34,11.59,6.95,5.01,5.28,4.76,5.16,5.03,1532,5,47,82903,2372,10094,5337,6963,12451,21016,17774
30/06/2023,11.46,4.01,3.46,3.4,11.63,6.99,5.07,5.34,5.04,5.36,5.25,1526,5,46,83141,2387,10141,5336,6462,13668,20191,17434
31/07/2023,11.88,4.02,3.63,3.45,11.88,6.98,5.14,5.8,5.28,5.6,5.28,"1,469",5,46,"83,450","2,297","10,381","5,111","6,692","12,737","20,509","17,318"
31/08/2023,11.72,4.2,3.63,3.53,11.82,6.98,5.16,5.95,5.26,5.64,5.31,"1,540",5,44,"83,600","2,348","10,417","5,080","6,570","12,335","20,532","17,457"
29/09/2023,11.78,4.33,3.66,3.57,11.98,7.01,5.12,8.91,4.91,6.29,5.47,"1,515",4,44,"83,815","2,327","10,459","5,050","6,660","12,865","20,106","17,802"
31/10/2023,11.99,4.25,3.73,3.6,12.08,7.04,5.16,6.18,5.29,5.73,5.53,"1,479",4,44,"83,899","2,291","10,586","5,038","7,406","12,401","21,202","17,792"
30/11/2023,11.71,4.26,3.65,3.61,12.02,7.05,5.14,6.24,5.33,5.77,5.54,"1,542",4,42,"83,689","2,405","10,462","4,812","7,181","12,364","20,761","17,953"
29/12/2023,12.02,4.34,3.69,3.63,12.17,7.1,5.15,6.1,4.97,5.8,5.49,"1,478",4,43,"84,165","2,366","10,395","4,762","6,884","12,948","20,271","17,960"
31/01/2024,11.97,4.43,3.72,3.67,12.12,7.08,5.14,6.25,5.32,5.77,5.5,"1,522",4,42,"84,048","2,337","10,524","4,719","6,632","12,413","20,446","17,741"
29/02/2024,11.64,4.42,3.87,3.69,11.88,7.08,5.14,6.21,5.39,5.76,5.47,"1,564",4,41,"83,921","2,354","10,569","4,707","6,644","12,326","19,958","17,681"
28/03/2024,11.66,4.43,3.9,3.71,11.88,7.09,5.18,6.3,5.55,5.76,5.57,"1,509",4,41,"84,127","2,320","10,644","4,684","6,386","11,560","19,339","18,828"
30/04/2024,11.81,4.35,3.79,3.7,12.05,7.05,5.15,6.23,5.46,5.79,5.53,"1,525",4,40,"84,112","2,338","10,818","4,640","6,457","12,186","19,775","18,515"
31/05/2024,11.6,4.38,3.81,3.71,11.98,7.05,5.15,6.15,5.52,5.76,5.48,"1,538",3,39,"84,186","2,331","10,851","4,624","6,738","11,768","19,717","18,817"
28/06/2024,11.54,4.25,3.73,3.69,11.94,7.06,5.1,6.08,5.3,5.65,5.38,"1,526",4,37,"84,544","2,331","10,907","4,618","6,533","12,564","19,350","18,497"
31/07/2024,11.7,4.25,3.75,3.69,12.04,7.04,5.1,6.06,5.03,5.65,5.38,"1,526",4,36,"84,772","2,319","11,164","4,559","7,033","12,506","20,083","19,243"
30/08/2024,11.52,4.26,3.77,3.69,11.99,7.08,5.08,5.97,5.08,5.66,5.35,"1,526",4,37,"84,868","2,314","11,151","4,529","7,059","11,849","19,678","19,272"
30/09/2024,11.71,3.47,3.7,3.64,12.09,7.11,5.03,5.97,4.7,5.46,5.1,"1,532",3,36,"85,087","2,337","11,126","4,543","7,209","12,412","18,847","21,224"
31/10/2024,11.62,3.5,3.68,3.59,11.95,7.09,4.96,5.75,4.46,5.32,5.2,"1,514",3,39,"85,415","2,307","11,267","4,543","6,654","11,539","19,095","20,049"
29/11/2024,11.57,3.47,3.72,3.58,11.84,7.06,4.95,5.58,4.3,5.3,5.08,"1,497",3,37,"85,384","2,379","11,287","4,527","6,835","12,004","19,272","19,977"
31/12/2024,11.7,3.58,3.69,3.56,11.98,7.07,4.89,5.34,4.29,5.12,4.91,"1,520",3,36,"86,007","2,404","11,190","4,429","6,387","12,389","18,524","20,889"
